-- ============================================================================
-- RESET ALL TABLES
-- ============================================================================
SET FOREIGN_KEY_CHECKS = 0;

-- Delete data in reverse order of dependencies
DELETE FROM game_set;
DELETE FROM game_sanctions;
DELETE FROM game_observations;
DELETE FROM game_referee_team;
DELETE FROM game_details;
DELETE FROM game_initial_situation;
DELETE FROM game_result;
DELETE FROM game;
DELETE FROM player;
DELETE FROM coach;
DELETE FROM referee;
DELETE FROM team;
DELETE FROM season;
DELETE FROM league;
DELETE FROM competition;
DELETE FROM club;
DELETE FROM gameplace;
DELETE FROM person;
DELETE FROM city;
DELETE FROM user_roles;
DELETE FROM users;
DELETE FROM roles;

-- Reset auto-increment counters
ALTER TABLE roles AUTO_INCREMENT = 1;
ALTER TABLE users AUTO_INCREMENT = 1;
ALTER TABLE city AUTO_INCREMENT = 1;
ALTER TABLE person AUTO_INCREMENT = 1;
ALTER TABLE club AUTO_INCREMENT = 1;
ALTER TABLE gameplace AUTO_INCREMENT = 1;
ALTER TABLE competition AUTO_INCREMENT = 1;
ALTER TABLE league AUTO_INCREMENT = 1;
ALTER TABLE season AUTO_INCREMENT = 1;
ALTER TABLE team AUTO_INCREMENT = 1;
ALTER TABLE game AUTO_INCREMENT = 1;
ALTER TABLE referee AUTO_INCREMENT = 1;
ALTER TABLE coach AUTO_INCREMENT = 1;
ALTER TABLE player AUTO_INCREMENT = 1;

SET FOREIGN_KEY_CHECKS = 1;

-- ============================================================================
-- INSERT SAMPLE DATA
-- ============================================================================

INSERT INTO roles (name)
VALUES ('ROLE_USER'),
       ('ROLE_ADMIN'),
       ('ROLE_REFEREE');

INSERT INTO users (id, username, password, email, enabled, created_at, updated_at)
VALUES (1, 'hugo', '$2a$10$S8hm4f.FhdDawuEgiJ9Rbu8vSanFZqm.6w0Ydc.70EeHpsEZpYMjK', 'hugomoruno2003@gmail.com', TRUE, '2025-11-28 09:37:29.816506', '2025-11-28 09:38:26.794178'),
       (2, 'admin', '$2a$10$S8hm4f.FhdDawuEgiJ9Rbu8vSanFZqm.6w0Ydc.70EeHpsEZpYMjK', 'admin@dotdot.com', TRUE, '2025-11-28 09:37:29.816506', '2025-11-28 09:37:29.816506'),
       (3, 'referee', '$2a$10$S8hm4f.FhdDawuEgiJ9Rbu8vSanFZqm.6w0Ydc.70EeHpsEZpYMjK', 'referee@dotdot.com', TRUE, '2025-11-28 09:37:29.816506', '2025-11-28 09:37:29.816506');

INSERT INTO user_roles (user_id, role_id)
VALUES (1, 1),
       (1, 2),
       (2, 2),
       (3, 3);

INSERT INTO city (id, name, region, firstPC, lastPC, latitude, longitude)
VALUES (1, 'Cáceres', 'Extremadura', '10001', '10010', 39.4769, -6.3725)
        , (2, 'Badajoz', 'Extremadura', '06001', '06010', 38.8794, -6.9706)
        , (3, 'Mérida', 'Extremadura', '06800', '06809', 38.9161, -6.3437)
        , (4, 'Plasencia', 'Extremadura', '10600', '10609', 40.0312, -6.0885)
        , (5, 'Don Benito', 'Extremadura', '06400', '06409', 38.9569, -5.8613)
        , (6, 'Almendralejo', 'Extremadura', '06200', '06209', 38.6839, -6.4073)
        , (7, 'Navalmoral de la Mata', 'Extremadura', '10300', '10309', 39.8916, -5.5403)
        , (8, 'Zafra', 'Extremadura', '06300', '06309', 38.4250, -6.4170)
        , (9, 'Villanueva de la Serena', 'Extremadura', '06700', '06709', 38.9734, -5.7972)
        , (10, 'Montijo', 'Extremadura', '06480', '06489', 38.9085, -6.6177)
        , (11, 'Villanueva del Fresno', 'Extremadura', '06110', '06111', 38.3751, -7.1688)
        , (12, 'Coria', 'Extremadura', '10800', '10809', 40.0159, -6.5395)
        , (13, 'Trujillo', 'Extremadura', '10200', '10209', 39.4582, -5.8818)
        , (14, 'Jerez de los Caballeros', 'Extremadura', '06380', '06389', 38.3208, -6.7725)
        , (15, 'Olivenza', 'Extremadura', '06100', '06109', 38.6804, -7.1018)
        , (16, 'Miajadas', 'Extremadura', '10100', '10109', 39.1517, -5.9088)
        , (17, 'Talayuela', 'Extremadura', '10310', '10319', 39.9851, -5.6070);

INSERT INTO gameplace (name, gamefields, address, city_id)
VALUES ('Pabellón Multiusos Cáceres', 2, 'Av. de Pierre de Coubertin, s/n, Cáceres', 1),
       ('Polideportivo La Granadilla', 2, 'Ctra. Sevilla, s/n, Badajoz', 2),
       ('Polideportivo Guadiana', 1, 'Calle Albarregas, Mérida', 3),
       ('Pabellón Ciudad de Plasencia', 2, 'Av. del Valle, Plasencia', 4),
       ('Polideportivo Don Benito', 1, 'Calle Don Llorente, Don Benito', 5),
       ('Pabellón Extremadura', 2, 'Av. Rafael Alberti, Almendralejo', 6),
       ('Pabellón Antonio Jara', 1, 'Calle Real, Navalmoral de la Mata', 7),
       ('Polideportivo Zafra Sur', 1, 'Av. de la Constitución, Zafra', 8),
       ('Pabellón José Manuel Calderón', 2, 'Calle de la Cruz, Villanueva de la Serena', 9),
       ('Pabellón Municipal Montijo', 1, 'Av. de Colón, Montijo', 10),
       ('Pabellón Villanueva del Fresno', 1, 'Calle Dehesa Boyal, Villanueva del Fresno', 11);

INSERT INTO competition (name, day_start, day_end)
VALUES ('National', '2025-09-01', '2026-06-30'),
       ('Judex', '2025-09-01', '2026-06-30'),
       ('Federation', '2025-09-01', '2026-06-30'),
       ('Friendly', '2025-09-01', '2026-06-30');

INSERT INTO person (dni, name, surnames, birth_date, address, phone, email, dni_verified, tutored, tutor_id)
VALUES ('10000001A', 'Carlos', 'García López', '1975-05-20', 'Calle Mayor 1, Badajoz', '924100001',
        'carlos.garcia1@example.com', TRUE, FALSE, NULL),
       ('10000002B', 'María', 'Fernández Martín', '1980-11-15', 'Av. de España 2, Cáceres', '927100002',
        'maria.fernandez2@example.com', TRUE, FALSE, NULL),
       ('10000003C', 'José', 'Sánchez Ruiz', '1968-07-30', 'Calle Ancha 3, Mérida', '924100003',
        'jose.sanchez3@example.com', TRUE, FALSE, NULL),
       ('10000004D', 'Ana', 'Gómez Díaz', '1970-03-12', 'Plaza de España 4, Badajoz', '924100004',
        'ana.gomez4@example.com', TRUE, FALSE, NULL),
       ('10000005E', 'Luis', 'López Moreno', '1983-09-25', 'Callejón del Agua 5, Cáceres', '927100005',
        'luis.lopez5@example.com', TRUE, FALSE, NULL),
       ('10000006F', 'Elena', 'Ruiz Ortega', '1972-12-02', 'Paseo de Roma 6, Mérida', '924100006',
        'elena.ruiz6@example.com', TRUE, FALSE, NULL),
       ('10000007G', 'Javier', 'Morales Castillo', '1979-04-18', 'Calle Real 7, Badajoz', '924100007',
        'javier.morales7@example.com', TRUE, FALSE, NULL),
       ('10000008H', 'Sara', 'Vázquez Paredes', '1976-06-09', 'Calle la Fuente 8, Cáceres', '927100008',
        'sara.vazquez8@example.com', TRUE, FALSE, NULL),
       ('10000009I', 'Pablo', 'Torres Medina', '1973-01-21', 'Av. de la Constitución 9, Mérida', '924100009',
        'pablo.torres9@example.com', TRUE, FALSE, NULL),
       ('10000010J', 'Carmen', 'Hernández Silva', '1982-08-14', 'Calle Nueva 10, Badajoz', '924100010',
        'carmen.hernandez10@example.com', TRUE, FALSE, NULL),
       ('10000011K', 'Miguel', 'Jiménez Vega', '1969-10-30', 'Callejón del Sol 11, Cáceres', '927100011',
        'miguel.jimenez11@example.com', TRUE, FALSE, NULL),
       ('10000012L', 'Laura', 'Ruiz Gómez', '1977-07-07', 'Plaza Mayor 12, Mérida', '924100012',
        'laura.ruiz12@example.com', TRUE, FALSE, NULL),
       ('10000013M', 'Antonio', 'Fernández Torres', '1981-11-20', 'Calle Luna 13, Badajoz', '924100013',
        'antonio.fernandez13@example.com', TRUE, FALSE, NULL),
       ('10000014N', 'Isabel', 'Martínez Pérez', '1974-05-05', 'Av. del Río 14, Cáceres', '927100014',
        'isabel.martinez14@example.com', TRUE, FALSE, NULL),
       ('10000015O', 'Francisco', 'García Ruiz', '1978-12-12', 'Calle Jardín 15, Mérida', '924100015',
        'francisco.garcia15@example.com', TRUE, FALSE, NULL),
       ('10000016P', 'Marta', 'Díaz Sánchez', '1975-09-09', 'Calle Colón 16, Badajoz', '924100016',
        'marta.diaz16@example.com', TRUE, FALSE, NULL),
       ('10000017Q', 'David', 'Moreno Ortega', '1980-04-22', 'Av. Libertad 17, Cáceres', '927100017',
        'david.moreno17@example.com', TRUE, FALSE, NULL),
       ('10000018R', 'Silvia', 'Castillo Pérez', '1971-03-11', 'Calle San Juan 18, Mérida', '924100018',
        'silvia.castillo18@example.com', TRUE, FALSE, NULL),
       ('10000019S', 'Jorge', 'Romero Díaz', '1967-01-29', 'Calle Mayor 19, Badajoz', '924100019',
        'jorge.romero19@example.com', TRUE, FALSE, NULL),
       ('10000020T', 'Natalia', 'Santos Vega', '1979-06-18', 'Av. España 20, Cáceres', '927100020',
        'natalia.santos20@example.com', TRUE, FALSE, NULL),
       ('20000001A', 'Lucía', 'Fernández Martín', '2009-03-20', 'Av. de España 21, Cáceres', '927200001',
        'lucia.fernandez21@example.com', TRUE, TRUE, NULL),
       ('20000002B', 'Daniel', 'Sánchez Ruiz', '2006-11-12', 'Calle Ancha 22, Mérida', '924200002',
        'daniel.sanchez22@example.com', TRUE, TRUE, NULL),
       ('20000003C', 'María', 'Gómez Díaz', '2008-01-08', 'Plaza de España 23, Badajoz', '924200003',
        'maria.gomez23@example.com', TRUE, TRUE, NULL),
       ('20000004D', 'Alberto', 'López Moreno', '2007-06-25', 'Callejón del Agua 24, Cáceres', '927200004',
        'alberto.lopez24@example.com', TRUE, TRUE, NULL),
       ('20000005E', 'Elena', 'Ruiz Ortega', '2006-09-14', 'Paseo de Roma 25, Mérida', '924200005',
        'elena.ruiz25@example.com', TRUE, TRUE, NULL),
       ('20000006F', 'Javier', 'Morales Castillo', '2004-05-30', 'Calle Real 26, Badajoz', '924200006',
        'javier.morales26@example.com', TRUE, TRUE, NULL),
       ('20000007G', 'Sara', 'Vázquez Paredes', '2003-12-02', 'Calle la Fuente 27, Cáceres', '927200007',
        'sara.vazquez27@example.com', TRUE, TRUE, NULL),
       ('20000008H', 'Pablo', 'Torres Medina', '2008-08-17', 'Av. de la Constitución 28, Mérida', '924200008',
        'pablo.torres28@example.com', TRUE, TRUE, NULL),
       ('20000009I', 'Carmen', 'Hernández Silva', '2009-10-10', 'Calle Nueva 29, Badajoz', '924200009',
        'carmen.hernandez29@example.com', TRUE, TRUE, NULL),
       ('20000010J', 'Mario', 'Navarro Ruiz', '2007-03-14', 'Av. Europa 30, Cáceres', '927200010',
        'mario.navarro30@example.com', TRUE, TRUE, NULL),
       ('20000011K', 'Laura', 'Moreno Díaz', '2006-07-18', 'Calle del Sol 31, Mérida', '924200011',
        'laura.moreno31@example.com', TRUE, TRUE, NULL),
       ('20000012L', 'Diego', 'Pérez García', '2005-05-25', 'Plaza Mayor 32, Badajoz', '924200012',
        'diego.perez32@example.com', TRUE, TRUE, NULL),
       ('20000013M', 'Clara', 'Santos Vega', '2007-09-09', 'Calle Luna 33, Cáceres', '927200013',
        'clara.santos33@example.com', TRUE, TRUE, NULL),
       ('20000014N', 'Jorge', 'Castillo Pérez', '2008-12-15', 'Av. del Río 34, Mérida', '924200014',
        'jorge.castillo34@example.com', TRUE, TRUE, NULL),
       ('20000015O', 'Ana', 'Romero Díaz', '2009-02-27', 'Calle Jardín 35, Badajoz', '924200015',
        'ana.romero35@example.com', TRUE, TRUE, NULL),
       ('20000016P', 'Lucas', 'Díaz Sánchez', '2004-06-21', 'Calle Colón 36, Cáceres', '927200016',
        'lucas.diaz36@example.com', TRUE, TRUE, NULL),
       ('20000017Q', 'Marta', 'Moreno Ortega', '2005-11-30', 'Av. Libertad 37, Mérida', '924200017',
        'marta.moreno37@example.com', TRUE, TRUE, NULL),
       ('20000018R', 'David', 'Vega Molina', '2006-04-19', 'Calle San Juan 38, Badajoz', '924200018',
        'david.vega38@example.com', TRUE, TRUE, NULL),
       ('20000019S', 'Isabel', 'Navarro Sánchez', '2007-07-07', 'Av. España 39, Cáceres', '927200019',
        'isabel.navarro39@example.com', TRUE, TRUE, NULL),
       ('20000020T', 'Adrián', 'García López', '2009-10-12', 'Calle Mayor 40, Mérida', '924200020',
        'adrian.garcia40@example.com', TRUE, TRUE, NULL),
       ('20000021U', 'Sandra', 'Fernández Ruiz', '2008-01-18', 'Av. de España 41, Badajoz', '924200021',
        'sandra.fernandez41@example.com', TRUE, TRUE, NULL),
       ('20000022V', 'Pablo', 'Sánchez Martín', '2005-05-05', 'Calle Ancha 42, Cáceres', '927200022',
        'pablo.sanchez42@example.com', TRUE, TRUE, NULL),
       ('20000023W', 'Elena', 'Gómez Ruiz', '2006-09-11', 'Plaza de España 43, Mérida', '924200023',
        'elena.gomez43@example.com', TRUE, TRUE, NULL),
       ('20000024X', 'Alberto', 'López Ortega', '2004-12-03', 'Callejón del Agua 44, Badajoz', '924200024',
        'alberto.lopez44@example.com', TRUE, TRUE, NULL),
       ('20000025Y', 'Lucía', 'Ruiz Castillo', '2007-06-17', 'Paseo de Roma 45, Cáceres', '927200025',
        'lucia.ruiz45@example.com', TRUE, TRUE, NULL),
       ('20000026Z', 'Javier', 'Morales Paredes', '2008-11-23', 'Calle Real 46, Mérida', '924200026',
        'javier.morales46@example.com', TRUE, TRUE, NULL),
       ('20000027A', 'Sara', 'Vázquez Medina', '2009-04-29', 'Calle la Fuente 47, Badajoz', '924200027',
        'sara.vazquez47@example.com', TRUE, TRUE, NULL),
       ('20000028B', 'Pablo', 'Torres Silva', '2006-08-10', 'Av. de la Constitución 48, Cáceres', '927200028',
        'pablo.torres48@example.com', TRUE, TRUE, NULL),
       ('20000029C', 'Carmen', 'Hernández Vega', '2005-02-19', 'Calle Nueva 49, Mérida', '924200029',
        'carmen.hernandez49@example.com', TRUE, TRUE, NULL),
       ('20000030D', 'Mario', 'Navarro Jiménez', '2007-07-25', 'Av. Europa 50, Badajoz', '924200030',
        'mario.navarro50@example.com', TRUE, TRUE, NULL),
       ('20000031E', 'Laura', 'Moreno Gómez', '2008-12-06', 'Calle del Sol 51, Cáceres', '927200031',
        'laura.moreno51@example.com', TRUE, TRUE, NULL),
       ('20000032F', 'Diego', 'Pérez Torres', '2004-05-15', 'Plaza Mayor 52, Mérida', '924200032',
        'diego.perez52@example.com', TRUE, TRUE, NULL),
       ('20000033G', 'Clara', 'Santos Martínez', '2006-09-09', 'Calle Luna 53, Badajoz', '924200033',
        'clara.santos53@example.com', TRUE, TRUE, NULL),
       ('20000034H', 'Jorge', 'Castillo Fernández', '2007-01-21', 'Av. del Río 54, Cáceres', '927200034',
        'jorge.castillo54@example.com', TRUE, TRUE, NULL),
       ('20000035I', 'Ana', 'Romero Ruiz', '2008-04-12', 'Calle Jardín 55, Mérida', '924200035',
        'ana.romero55@example.com', TRUE, TRUE, NULL),
       ('20000036J', 'Lucas', 'Díaz López', '2009-07-30', 'Calle Colón 56, Badajoz', '924200036',
        'lucas.diaz56@example.com', TRUE, TRUE, NULL),
       ('20000037K', 'Marta', 'Moreno Sánchez', '2005-10-18', 'Av. Libertad 57, Cáceres', '927200037',
        'marta.moreno57@example.com', TRUE, TRUE, NULL),
       ('20000038L', 'David', 'Vega Ortega', '2006-02-25', 'Calle San Juan 58, Mérida', '924200038',
        'david.vega58@example.com', TRUE, TRUE, NULL),
       ('20000039M', 'Isabel', 'Navarro Castillo', '2007-05-15', 'Av. España 59, Badajoz', '924200039',
        'isabel.navarro59@example.com', TRUE, TRUE, NULL),
       ('20000040N', 'Adrián', 'García Paredes', '2008-11-08', 'Calle Mayor 60, Cáceres', '927200040',
        'adrian.garcia60@example.com', TRUE, TRUE, NULL),
       ('20000041O', 'Sandra', 'Fernández Medina', '2009-03-19', 'Av. de España 61, Mérida', '924200041',
        'sandra.fernandez61@example.com', TRUE, TRUE, NULL),
       ('20000042P', 'Pablo', 'Sánchez Silva', '2005-07-21', 'Calle Ancha 62, Badajoz', '924200042',
        'pablo.sanchez62@example.com', TRUE, TRUE, NULL),
       ('20000043Q', 'Elena', 'Gómez Vega', '2006-12-02', 'Plaza de España 63, Cáceres', '927200043',
        'elena.gomez63@example.com', TRUE, TRUE, NULL),
       ('20000044R', 'Alberto', 'López Jiménez', '2004-03-14', 'Callejón del Agua 64, Mérida', '924200044',
        'alberto.lopez64@example.com', TRUE, TRUE, NULL),
       ('20000045S', 'Lucía', 'Ruiz Gómez', '2007-06-09', 'Paseo de Roma 65, Badajoz', '924200045',
        'lucia.ruiz65@example.com', TRUE, TRUE, NULL),
       ('20000046T', 'Javier', 'Morales Torres', '2008-08-20', 'Calle Real 66, Cáceres', '927200046',
        'javier.morales66@example.com', TRUE, TRUE, NULL),
       ('20000047U', 'Sara', 'Vázquez Martínez', '2009-01-30', 'Calle la Fuente 67, Mérida', '924200047',
        'sara.vazquez67@example.com', TRUE, TRUE, NULL),
       ('20000048V', 'Pablo', 'Torres Fernández', '2006-04-04', 'Av. de la Constitución 68, Badajoz', '924200048',
        'pablo.torres68@example.com', TRUE, TRUE, NULL),
       ('20000049W', 'Carmen', 'Hernández Ruiz', '2005-09-10', 'Calle Nueva 69, Cáceres', '927200049',
        'carmen.hernandez69@example.com', TRUE, TRUE, NULL),
       ('20000050X', 'Mario', 'Navarro López', '2007-11-25', 'Av. Europa 70, Mérida', '924200050',
        'mario.navarro70@example.com', TRUE, TRUE, NULL),
       ('20000051Y', 'Laura', 'Moreno Sánchez', '2008-02-14', 'Calle del Sol 71, Badajoz', '924200051',
        'laura.moreno71@example.com', TRUE, TRUE, NULL),
       ('20000052Z', 'Diego', 'Pérez García', '2005-06-23', 'Plaza Mayor 72, Cáceres', '927200052',
        'diego.perez72@example.com', TRUE, TRUE, NULL),
       ('20000053A', 'Clara', 'Santos Vega', '2006-10-08', 'Calle Luna 73, Mérida', '924200053',
        'clara.santos73@example.com', TRUE, TRUE, NULL),
       ('20000054B', 'Jorge', 'Castillo Pérez', '2007-01-12', 'Av. del Río 74, Badajoz', '924200054',
        'jorge.castillo74@example.com', TRUE, TRUE, NULL),
       ('20000055C', 'Ana', 'Romero Díaz', '2008-05-19', 'Calle Jardín 75, Cáceres', '927200055',
        'ana.romero75@example.com', TRUE, TRUE, NULL),
       ('20000056D', 'Lucas', 'Díaz Sánchez', '2009-07-24', 'Calle Colón 76, Mérida', '924200056',
        'lucas.diaz76@example.com', TRUE, TRUE, NULL),
       ('20000057E', 'Marta', 'Moreno Ortega', '2005-11-30', 'Av. Libertad 77, Badajoz', '924200057',
        'marta.moreno77@example.com', TRUE, TRUE, NULL),
       ('20000058F', 'David', 'Vega Molina', '2006-03-11', 'Calle San Juan 78, Cáceres', '927200058',
        'david.vega78@example.com', TRUE, TRUE, NULL),
       ('20000059G', 'Isabel', 'Navarro Sánchez', '2007-06-14', 'Av. España 79, Mérida', '924200059',
        'isabel.navarro79@example.com', TRUE, TRUE, NULL),
       ('20000060H', 'Adrián', 'García López', '2008-09-20', 'Calle Mayor 80, Badajoz', '924200060',
        'adrian.garcia80@example.com', TRUE, TRUE, NULL),
       ('20000061I', 'Sandra', 'Fernández Ruiz', '2009-01-29', 'Av. de España 81, Cáceres', '927200061',
        'sandra.fernandez81@example.com', TRUE, TRUE, NULL),
       ('20000062J', 'Pablo', 'Sánchez Martín', '2005-05-03', 'Calle Ancha 82, Mérida', '924200062',
        'pablo.sanchez82@example.com', TRUE, TRUE, NULL),
       ('20000063K', 'Elena', 'Gómez Ruiz', '2006-08-18', 'Plaza de España 83, Badajoz', '924200063',
        'elena.gomez83@example.com', TRUE, TRUE, NULL),
       ('20000064L', 'Alberto', 'López Ortega', '2004-12-10', 'Callejón del Agua 84, Cáceres', '927200064',
        'alberto.lopez84@example.com', TRUE, TRUE, NULL),
       ('20000065M', 'Lucía', 'Ruiz Castillo', '2007-06-15', 'Paseo de Roma 85, Mérida', '924200065',
        'lucia.ruiz85@example.com', TRUE, TRUE, NULL),
       ('20000066N', 'Javier', 'Morales Paredes', '2008-11-21', 'Calle Real 86, Badajoz', '924200066',
        'javier.morales86@example.com', TRUE, TRUE, NULL),
       ('20000067O', 'Sara', 'Vázquez Medina', '2009-04-26', 'Calle la Fuente 87, Cáceres', '927200067',
        'sara.vazquez87@example.com', TRUE, TRUE, NULL),
       ('20000068P', 'Pablo', 'Torres Silva', '2006-08-02', 'Av. de la Constitución 88, Mérida', '924200068',
        'pablo.torres88@example.com', TRUE, TRUE, NULL),
       ('20000069Q', 'Carmen', 'Hernández Vega', '2005-01-15', 'Calle Nueva 89, Badajoz', '924200069',
        'carmen.hernandez89@example.com', TRUE, TRUE, NULL),
       ('20000070R', 'Mario', 'Navarro Jiménez', '2007-07-28', 'Av. Europa 90, Cáceres', '927200070',
        'mario.navarro90@example.com', TRUE, TRUE, NULL),
       ('20000071S', 'Laura', 'Moreno Gómez', '2008-12-11', 'Calle del Sol 91, Mérida', '924200071',
        'laura.moreno91@example.com', TRUE, TRUE, NULL),
       ('20000072T', 'Diego', 'Pérez Torres', '2004-05-20', 'Plaza Mayor 92, Badajoz', '924200072',
        'diego.perez92@example.com', TRUE, TRUE, NULL),
       ('20000073U', 'Clara', 'Santos Martínez', '2006-09-14', 'Calle Luna 93, Cáceres', '927200073',
        'clara.santos93@example.com', TRUE, TRUE, NULL),
       ('20000074V', 'Jorge', 'Castillo Fernández', '2007-01-25', 'Av. del Río 94, Mérida', '924200074',
        'jorge.castillo94@example.com', TRUE, TRUE, NULL),
       ('20000075W', 'Ana', 'Romero Ruiz', '2008-04-16', 'Calle Jardín 95, Badajoz', '924200075',
        'ana.romero95@example.com', TRUE, TRUE, NULL),
       ('20000076X', 'Lucas', 'Díaz López', '2009-07-31', 'Calle Colón 96, Cáceres', '927200076',
        'lucas.diaz96@example.com', TRUE, TRUE, NULL),
       ('20000077Y', 'Marta', 'Moreno Sánchez', '2005-10-23', 'Av. Libertad 97, Mérida', '924200077',
        'marta.moreno97@example.com', TRUE, TRUE, NULL),
       ('20000078Z', 'David', 'Vega Ortega', '2006-02-28', 'Calle San Juan 98, Badajoz', '924200078',
        'david.vega98@example.com', TRUE, TRUE, NULL),
       ('20000079A', 'Isabel', 'Navarro Castillo', '2007-05-19', 'Av. España 99, Cáceres', '927200079',
        'isabel.navarro99@example.com', TRUE, TRUE, NULL),
       ('20000080B', 'Adrián', 'García Paredes', '2008-11-12', 'Calle Mayor 100, Mérida', '924200080',
        'adrian.garcia100@example.com', TRUE, TRUE, NULL),
       ('20000081C', 'Sandra', 'Fernández Ruiz', '2009-03-25', 'Av. de España 101, Badajoz', '924200081',
        'sandra.fernandez101@example.com', TRUE, TRUE, NULL),
       ('20000082D', 'Pablo', 'Sánchez Martín', '2005-07-07', 'Calle Ancha 102, Cáceres', '927200082',
        'pablo.sanchez102@example.com', TRUE, TRUE, NULL),
       ('20000083E', 'Elena', 'Gómez Ruiz', '2006-10-15', 'Plaza de España 103, Mérida', '924200083',
        'elena.gomez103@example.com', TRUE, TRUE, NULL),
       ('20000084F', 'Alberto', 'López Ortega', '2004-12-20', 'Callejón del Agua 104, Badajoz', '924200084',
        'alberto.lopez104@example.com', TRUE, TRUE, NULL),
       ('20000085G', 'Lucía', 'Ruiz Castillo', '2007-06-18', 'Paseo de Roma 105, Cáceres', '927200085',
        'lucia.ruiz105@example.com', TRUE, TRUE, NULL),
       ('20000086H', 'Javier', 'Morales Paredes', '2008-11-22', 'Calle Real 106, Mérida', '924200086',
        'javier.morales106@example.com', TRUE, TRUE, NULL),
       ('20000087I', 'Sara', 'Vázquez Medina', '2009-04-30', 'Calle la Fuente 107, Badajoz', '924200087',
        'sara.vazquez107@example.com', TRUE, TRUE, NULL),
       ('20000088J', 'Pablo', 'Torres Silva', '2006-08-11', 'Av. de la Constitución 108, Cáceres', '927200088',
        'pablo.torres108@example.com', TRUE, TRUE, NULL),
       ('20000089K', 'Carmen', 'Hernández Vega', '2005-01-17', 'Calle Nueva 109, Mérida', '924200089',
        'carmen.hernandez109@example.com', TRUE, TRUE, NULL),
       ('20000090L', 'Mario', 'Navarro Jiménez', '2007-07-30', 'Av. Europa 110, Badajoz', '924200090',
        'mario.navarro110@example.com', TRUE, TRUE, NULL),
       ('20000091M', 'Laura', 'Moreno Gómez', '2008-12-13', 'Calle del Sol 111, Cáceres', '927200091',
        'laura.moreno111@example.com', TRUE, TRUE, NULL),
       ('20000092N', 'Diego', 'Pérez Torres', '2004-05-22', 'Plaza Mayor 112, Mérida', '924200092',
        'diego.perez112@example.com', TRUE, TRUE, NULL),
       ('20000093O', 'Clara', 'Santos Martínez', '2006-09-16', 'Calle Luna 113, Badajoz', '924200093',
        'clara.santos113@example.com', TRUE, TRUE, NULL),
       ('20000094P', 'Jorge', 'Castillo Fernández', '2007-01-27', 'Av. del Río 114, Cáceres', '927200094',
        'jorge.castillo114@example.com', TRUE, TRUE, NULL),
       ('20000095Q', 'Ana', 'Romero Ruiz', '2008-04-18', 'Calle Jardín 115, Mérida', '924200095',
        'ana.romero115@example.com', TRUE, TRUE, NULL),
       ('20000096R', 'Lucas', 'Díaz López', '2009-08-02', 'Calle Colón 116, Badajoz', '924200096',
        'lucas.diaz116@example.com', TRUE, TRUE, NULL),
       ('20000097S', 'Marta', 'Moreno Sánchez', '2005-10-25', 'Av. Libertad 117, Cáceres', '927200097',
        'marta.moreno117@example.com', TRUE, TRUE, NULL),
       ('20000098T', 'David', 'Vega Ortega', '2006-03-02', 'Calle San Juan 118, Mérida', '924200098',
        'david.vega118@example.com', TRUE, TRUE, NULL),
       ('20000099U', 'Isabel', 'Navarro Castillo', '2007-05-21', 'Av. España 119, Badajoz', '924200099',
        'isabel.navarro119@example.com', TRUE, TRUE, NULL),
       ('20000100V', 'Adrián', 'García Paredes', '2008-11-14', 'Calle Mayor 120, Cáceres', '927200100',
        'adrian.garcia120@example.com', TRUE, TRUE, NULL),
       ('20000101W', 'Sandra', 'Fernández Ruiz', '2009-03-27', 'Av. de España 121, Mérida', '924200101',
        'sandra.fernandez121@example.com', TRUE, TRUE, NULL),
       ('20000102X', 'Pablo', 'Sánchez Martín', '2005-07-09', 'Calle Ancha 122, Badajoz', '924200102',
        'pablo.sanchez122@example.com', TRUE, TRUE, NULL),
       ('20000103Y', 'Elena', 'Gómez Ruiz', '2006-10-17', 'Plaza de España 123, Cáceres', '927200103',
        'elena.gomez123@example.com', TRUE, TRUE, NULL),
       ('20000104Z', 'Alberto', 'López Ortega', '2004-12-22', 'Callejón del Agua 124, Mérida', '924200104',
        'alberto.lopez124@example.com', TRUE, TRUE, NULL),
       ('20000105A', 'Lucía', 'Ruiz Castillo', '2007-06-20', 'Paseo de Roma 125, Badajoz', '924200105',
        'lucia.ruiz125@example.com', TRUE, TRUE, NULL),
       ('20000106B', 'Javier', 'Morales Paredes', '2008-11-24', 'Calle Real 126, Cáceres', '927200106',
        'javier.morales126@example.com', TRUE, TRUE, NULL),
       ('20000107C', 'Sara', 'Vázquez Medina', '2009-05-02', 'Calle la Fuente 127, Mérida', '924200107',
        'sara.vazquez127@example.com', TRUE, TRUE, NULL),
       ('20000108D', 'Pablo', 'Torres Silva', '2006-08-13', 'Av. de la Constitución 128, Badajoz', '924200108',
        'pablo.torres128@example.com', TRUE, TRUE, NULL),
       ('20000109E', 'Carmen', 'Hernández Vega', '2005-01-19', 'Calle Nueva 129, Cáceres', '927200109',
        'carmen.hernandez129@example.com', TRUE, TRUE, NULL),
       ('20000110F', 'Mario', 'Navarro Jiménez', '2007-08-01', 'Av. Europa 130, Mérida', '924200110',
        'mario.navarro130@example.com', TRUE, TRUE, NULL),
       ('20000111G', 'Laura', 'Moreno Gómez', '2008-12-15', 'Calle del Sol 131, Badajoz', '924200111',
        'laura.moreno131@example.com', TRUE, TRUE, NULL),
       ('20000112H', 'Diego', 'Pérez Torres', '2004-05-24', 'Plaza Mayor 132, Cáceres', '927200112',
        'diego.perez132@example.com', TRUE, TRUE, NULL),
       ('20000113I', 'Clara', 'Santos Martínez', '2006-09-18', 'Calle Luna 133, Mérida', '924200113',
        'clara.santos133@example.com', TRUE, TRUE, NULL),
       ('20000114J', 'Jorge', 'Castillo Fernández', '2007-01-29', 'Av. del Río 134, Badajoz', '924200114',
        'jorge.castillo134@example.com', TRUE, TRUE, NULL),
       ('20000115K', 'Ana', 'Romero Ruiz', '2008-04-20', 'Calle Jardín 135, Cáceres', '927200115',
        'ana.romero135@example.com', TRUE, TRUE, NULL),
       ('20000116L', 'Lucas', 'Díaz López', '2009-08-04', 'Calle Colón 136, Mérida', '924200116',
        'lucas.diaz136@example.com', TRUE, TRUE, NULL),
       ('20000117M', 'Marta', 'Moreno Sánchez', '2005-10-27', 'Av. Libertad 137, Badajoz', '924200117',
        'marta.moreno137@example.com', TRUE, TRUE, NULL),
       ('20000118N', 'David', 'Vega Ortega', '2006-03-04', 'Calle San Juan 138, Cáceres', '927200118',
        'david.vega138@example.com', TRUE, TRUE, NULL),
       ('20000119O', 'Isabel', 'Navarro Castillo', '2007-05-23', 'Av. España 139, Mérida', '924200119',
        'isabel.navarro139@example.com', TRUE, TRUE, NULL),
       ('20000120P', 'Adrián', 'García Paredes', '2008-11-16', 'Calle Mayor 140, Badajoz', '924200120',
        'adrian.garcia140@example.com', TRUE, TRUE, NULL),
       ('20000121Q', 'Sandra', 'Fernández Ruiz', '2009-03-29', 'Av. de España 141, Cáceres', '927200121',
        'sandra.fernandez141@example.com', TRUE, TRUE, NULL),
       ('20000122R', 'Pablo', 'Sánchez Martín', '2005-07-11', 'Calle Ancha 142, Mérida', '924200122',
        'pablo.sanchez142@example.com', TRUE, TRUE, NULL),
       ('20000123S', 'Elena', 'Gómez Ruiz', '2006-10-19', 'Plaza de España 143, Badajoz', '924200123',
        'elena.gomez143@example.com', TRUE, TRUE, NULL),
       ('20000124T', 'Alberto', 'López Ortega', '2004-12-24', 'Callejón del Agua 144, Cáceres', '927200124',
        'alberto.lopez144@example.com', TRUE, TRUE, NULL),
       ('20000125U', 'Lucía', 'Ruiz Castillo', '2007-06-22', 'Paseo de Roma 145, Mérida', '924200125',
        'lucia.ruiz145@example.com', TRUE, TRUE, NULL),
       ('20000126V', 'Javier', 'Morales Paredes', '2008-11-26', 'Calle Real 146, Badajoz', '924200126',
        'javier.morales146@example.com', TRUE, TRUE, NULL),
       ('20000127W', 'Sara', 'Vázquez Medina', '2009-05-04', 'Calle la Fuente 147, Cáceres', '927200127',
        'sara.vazquez147@example.com', TRUE, TRUE, NULL),
       ('20000128X', 'Pablo', 'Torres Silva', '2006-08-15', 'Av. de la Constitución 148, Mérida', '924200128',
        'pablo.torres148@example.com', TRUE, TRUE, NULL),
       ('20000129Y', 'Carmen', 'Hernández Vega', '2005-01-21', 'Calle Nueva 149, Badajoz', '924200129',
        'carmen.hernandez149@example.com', TRUE, TRUE, NULL),
       ('20000130Z', 'Mario', 'Navarro Jiménez', '2007-08-03', 'Av. Europa 150, Cáceres', '927200130',
        'mario.navarro150@example.com', TRUE, TRUE, NULL),
       ('20000131A', 'Laura', 'Moreno Gómez', '2008-12-17', 'Calle del Sol 151, Mérida', '924200131',
        'laura.moreno151@example.com', TRUE, TRUE, NULL),
       ('20000132B', 'Diego', 'Pérez Torres', '2004-05-26', 'Plaza Mayor 152, Badajoz', '924200132',
        'diego.perez152@example.com', TRUE, TRUE, NULL),
       ('20000133C', 'Clara', 'Santos Martínez', '2006-09-20', 'Calle Luna 153, Cáceres', '927200133',
        'clara.santos153@example.com', TRUE, TRUE, NULL),
       ('20000134D', 'Jorge', 'Castillo Fernández', '2007-01-31', 'Av. del Río 154, Mérida', '924200134',
        'jorge.castillo154@example.com', TRUE, TRUE, NULL),
       ('20000135E', 'Ana', 'Romero Ruiz', '2008-04-22', 'Calle Jardín 155, Badajoz', '924200135',
        'ana.romero155@example.com', TRUE, TRUE, NULL),
       ('20000136F', 'Lucas', 'Díaz López', '2009-08-06', 'Calle Colón 156, Cáceres', '927200136',
        'lucas.diaz156@example.com', TRUE, TRUE, NULL),
       ('20000137G', 'Marta', 'Moreno Sánchez', '2005-10-29', 'Av. Libertad 157, Mérida', '924200137',
        'marta.moreno157@example.com', TRUE, TRUE, NULL),
       ('20000138H', 'David', 'Vega Ortega', '2006-03-06', 'Calle San Juan 158, Badajoz', '924200138',
        'david.vega158@example.com', TRUE, TRUE, NULL),
       ('20000139I', 'Isabel', 'Navarro Castillo', '2007-05-25', 'Av. España 159, Cáceres', '927200139',
        'isabel.navarro159@example.com', TRUE, TRUE, NULL),
       ('20000140J', 'Adrián', 'García Paredes', '2008-11-18', 'Calle Mayor 160, Mérida', '924200140',
        'adrian.garcia160@example.com', TRUE, TRUE, NULL),
       ('20000141K', 'Sandra', 'Fernández Ruiz', '2009-03-31', 'Av. de España 161, Badajoz', '924200141',
        'sandra.fernandez161@example.com', TRUE, TRUE, NULL),
       ('20000142L', 'Pablo', 'Sánchez Martín', '2005-07-13', 'Calle Ancha 162, Cáceres', '927200142',
        'pablo.sanchez162@example.com', TRUE, TRUE, NULL),
       ('20000143M', 'Elena', 'Gómez Ruiz', '2006-10-21', 'Plaza de España 163, Mérida', '924200143',
        'elena.gomez163@example.com', TRUE, TRUE, NULL),
       ('20000144N', 'Alberto', 'López Ortega', '2004-12-26', 'Callejón del Agua 164, Badajoz', '924200144',
        'alberto.lopez164@example.com', TRUE, TRUE, NULL),
       ('20000145O', 'Lucía', 'Ruiz Castillo', '2007-06-24', 'Paseo de Roma 165, Cáceres', '927200145',
        'lucia.ruiz165@example.com', TRUE, TRUE, NULL),
       ('20000146P', 'Javier', 'Morales Paredes', '2008-11-28', 'Calle Real 166, Mérida', '924200146',
        'javier.morales166@example.com', TRUE, TRUE, NULL),
       ('20000147Q', 'Sara', 'Vázquez Medina', '2009-05-06', 'Calle la Fuente 167, Badajoz', '924200147',
        'sara.vazquez167@example.com', TRUE, TRUE, NULL),
       ('20000148R', 'Pablo', 'Torres Silva', '2006-08-17', 'Av. de la Constitución 168, Cáceres', '927200148',
        'pablo.torres168@example.com', TRUE, TRUE, NULL),
       ('20000149S', 'Carmen', 'Hernández Vega', '2005-01-23', 'Calle Nueva 169, Mérida', '924200149',
        'carmen.hernandez169@example.com', TRUE, TRUE, NULL),
       ('20000150T', 'Mario', 'Navarro Jiménez', '2007-08-05', 'Av. Europa 170, Badajoz', '924200150',
        'mario.navarro170@example.com', TRUE, TRUE, NULL),
       ('20000151U', 'Laura', 'Moreno Gómez', '2008-12-19', 'Calle del Sol 171, Cáceres', '927200151',
        'laura.moreno171@example.com', TRUE, TRUE, NULL),
       ('20000152V', 'Diego', 'Pérez Torres', '2004-05-28', 'Plaza Mayor 172, Mérida', '924200152',
        'diego.perez172@example.com', TRUE, TRUE, NULL),
       ('20000153W', 'Clara', 'Santos Martínez', '2006-09-22', 'Calle Luna 173, Badajoz', '924200153',
        'clara.santos173@example.com', TRUE, TRUE, NULL),
       ('20000154X', 'Jorge', 'Castillo Fernández', '2007-02-02', 'Av. del Río 174, Cáceres', '927200154',
        'jorge.castillo174@example.com', TRUE, TRUE, NULL),
       ('20000155Y', 'Ana', 'Romero Ruiz', '2008-04-24', 'Calle Jardín 175, Mérida', '924200155',
        'ana.romero175@example.com', TRUE, TRUE, NULL),
       ('20000156Z', 'Lucas', 'Díaz López', '2009-08-08', 'Calle Colón 176, Badajoz', '924200156',
        'lucas.diaz176@example.com', TRUE, TRUE, NULL),
       ('20000157A', 'Marta', 'Moreno Sánchez', '2005-10-31', 'Av. Libertad 177, Cáceres', '927200157',
        'marta.moreno177@example.com', TRUE, TRUE, NULL),
       ('20000158B', 'David', 'Vega Ortega', '2006-03-08', 'Calle San Juan 178, Mérida', '924200158',
        'david.vega178@example.com', TRUE, TRUE, NULL),
       ('20000159C', 'Isabel', 'Navarro Castillo', '2007-05-27', 'Av. España 179, Badajoz', '924200159',
        'isabel.navarro179@example.com', TRUE, TRUE, NULL),
       ('20000160D', 'Adrián', 'García Paredes', '2008-11-20', 'Calle Mayor 180, Cáceres', '927200160',
        'adrian.garcia180@example.com', TRUE, TRUE, NULL),
       ('20000161E', 'Sandra', 'Fernández Ruiz', '2009-04-02', 'Av. de España 181, Mérida', '924200161',
        'sandra.fernandez181@example.com', TRUE, TRUE, NULL),
       ('20000162F', 'Pablo', 'Sánchez Martín', '2005-07-15', 'Calle Ancha 182, Badajoz', '924200162',
        'pablo.sanchez182@example.com', TRUE, TRUE, NULL),
       ('20000163G', 'Elena', 'Gómez Ruiz', '2006-10-23', 'Plaza de España 183, Cáceres', '927200163',
        'elena.gomez183@example.com', TRUE, TRUE, NULL),
       ('20000164H', 'Alberto', 'López Ortega', '2004-12-28', 'Callejón del Agua 184, Mérida', '924200164',
        'alberto.lopez184@example.com', TRUE, TRUE, NULL),
       ('20000165I', 'Lucía', 'Ruiz Castillo', '2007-06-26', 'Paseo de Roma 185, Badajoz', '924200165',
        'lucia.ruiz185@example.com', TRUE, TRUE, NULL),
       ('20000166J', 'Javier', 'Morales Paredes', '2008-11-30', 'Calle Real 186, Cáceres', '927200166',
        'javier.morales186@example.com', TRUE, TRUE, NULL),
       ('20000167K', 'Sara', 'Vázquez Medina', '2009-05-08', 'Calle la Fuente 187, Mérida', '924200167',
        'sara.vazquez187@example.com', TRUE, TRUE, NULL),
       ('20000168L', 'Pablo', 'Torres Silva', '2006-08-19', 'Av. de la Constitución 188, Badajoz', '924200168',
        'pablo.torres188@example.com', TRUE, TRUE, NULL),
       ('20000169M', 'Carmen', 'Hernández Vega', '2005-01-25', 'Calle Nueva 189, Cáceres', '927200169',
        'carmen.hernandez189@example.com', TRUE, TRUE, NULL),
       ('20000170N', 'Mario', 'Navarro Jiménez', '2007-08-07', 'Av. Europa 190, Mérida', '924200170',
        'mario.navarro190@example.com', TRUE, TRUE, NULL),
       ('20000171O', 'Laura', 'Moreno Gómez', '2008-12-21', 'Calle del Sol 191, Badajoz', '924200171',
        'laura.moreno191@example.com', TRUE, TRUE, NULL),
       ('20000172P', 'Diego', 'Pérez Torres', '2004-05-30', 'Plaza Mayor 192, Cáceres', '927200172',
        'diego.perez192@example.com', TRUE, TRUE, NULL),
       ('20000173Q', 'Clara', 'Santos Martínez', '2006-09-24', 'Calle Luna 193, Mérida', '924200173',
        'clara.santos193@example.com', TRUE, TRUE, NULL),
       ('20000174R', 'Jorge', 'Castillo Fernández', '2007-02-04', 'Av. del Río 194, Badajoz', '924200174',
        'jorge.castillo194@example.com', TRUE, TRUE, NULL),
       ('20000175S', 'Ana', 'Romero Ruiz', '2008-04-26', 'Calle Jardín 195, Cáceres', '927200175',
        'ana.romero195@example.com', TRUE, TRUE, NULL),
       ('20000176T', 'Lucas', 'Díaz López', '2009-08-10', 'Calle Colón 196, Mérida', '924200176',
        'lucas.diaz196@example.com', TRUE, TRUE, NULL),
       ('20000177U', 'Marta', 'Moreno Sánchez', '2005-11-02', 'Av. Libertad 197, Badajoz', '924200177',
        'marta.moreno197@example.com', TRUE, TRUE, NULL),
       ('20000178V', 'David', 'Vega Ortega', '2006-03-10', 'Calle San Juan 198, Cáceres', '927200178',
        'david.vega198@example.com', TRUE, TRUE, NULL),
       ('20000179W', 'Isabel', 'Navarro Castillo', '2007-05-29', 'Av. España 199, Mérida', '924200179',
        'isabel.navarro199@example.com', TRUE, TRUE, NULL),
       ('20000180X', 'Adrián', 'García Paredes', '2008-11-22', 'Calle Mayor 200, Badajoz', '924200180',
        'adrian.garcia200@example.com', TRUE, TRUE, NULL);

INSERT INTO club (id, name, id_city_id)
VALUES (1, 'Voley Cáceres', 1),
       (2, 'Badajoz Voley Club', 2),
       (3, 'Mérida Voleibol', 3),
       (4, 'Plasencia Spikers', 4),
       (5, 'Don Benito Voley Team', 5),
       (6, 'Almendralejo Volley Force', 6),
       (7, 'Navalmoral Smash', 7),
       (8, 'Zafra Net Kings', 8),
       (9, 'Villanueva Set Club', 9),
       (10, 'Montijo Blockers', 10),
       (11, 'Voley Coria', 1),
       (12, 'Trujillo Spike Club', 1),
       (13, 'Jerez de los Caballeros Volley', 2),
       (14, 'Olivenza Voley Stars', 2),
       (15, 'Miajadas Net Force', 5),
       (16, 'Talayuela Volleyball', 7),
       (17, 'Valverde Voley Team', 2),
       (18, 'Los Santos Volley Power', 2),
       (19, 'Voley Almoharín', 5),
       (20, 'Moraleja Spikers', 1),
       (21, 'EMD Villanueva del Fresno', 11),
       (22, 'Coria Volley', 12),
       (23, 'Trujillo Net', 13),
       (24, 'Jerez Volley', 14),
       (25, 'Olivenza Smash', 15),
       (26, 'Miajadas Spikers', 16),
       (27, 'Talayuela Blocks', 17);

INSERT INTO league (id, name, category, competition_id, code_prefix)
VALUES 
-- National Competition (id=1) - All categories
(1, 'National Pre-Benjamín A', 'PRE_BENJAMIN', 1, '1A_PRE'),
(2, 'National Benjamín A', 'BENJAMIN', 1, '1A_BEN'),
(3, 'National Alevín A', 'ALEVIN', 1, '1A_ALE'),
(4, 'National Infantil A', 'INFANTILE', 1, '1A_INF'),
(5, 'National Cadete A', 'CADET', 1, '1A_CAD'),
(6, 'National Juvenil A', 'YOUTH', 1, '1A_YOU'),
(7, 'National Junior A', 'JUNIOR', 1, '1A_JUN'),
(8, 'National Absoluto A', 'ABSOLUTE', 1, '1A_ABS'),
(9, 'National Senior A', 'SENIOR', 1, '1A_SEN'),

-- Judex Competition (id=2) - All categories
(10, 'Judex Pre-Benjamín B', 'PRE_BENJAMIN', 2, '2B_PRE'),
(11, 'Judex Benjamín B', 'BENJAMIN', 2, '2B_BEN'),
(12, 'Judex Alevín B', 'ALEVIN', 2, '2B_ALE'),
(13, 'Judex Infantil B', 'INFANTILE', 2, '2B_INF'),
(14, 'Judex Cadete B', 'CADET', 2, '2B_CAD'),
(15, 'Judex Juvenil B', 'YOUTH', 2, '2B_YOU'),
(16, 'Judex Junior B', 'JUNIOR', 2, '2B_JUN'),
(17, 'Judex Absoluto B', 'ABSOLUTE', 2, '2B_ABS'),
(18, 'Judex Senior B', 'SENIOR', 2, '2B_SEN'),

-- Federation Competition (id=3) - All categories
(19, 'Federation Pre-Benjamín C', 'PRE_BENJAMIN', 3, '3C_PRE'),
(20, 'Federation Benjamín C', 'BENJAMIN', 3, '3C_BEN'),
(21, 'Federation Alevín C', 'ALEVIN', 3, '3C_ALE'),
(22, 'Federation Infantil C', 'INFANTILE', 3, '3C_INF'),
(23, 'Federation Cadete C', 'CADET', 3, '3C_CAD'),
(24, 'Federation Juvenil C', 'YOUTH', 3, '3C_YOU'),
(25, 'Federation Junior C', 'JUNIOR', 3, '3C_JUN'),
(26, 'Federation Absoluto C', 'ABSOLUTE', 3, '3C_ABS'),
(27, 'Federation Senior C', 'SENIOR', 3, '3C_SEN'),

-- Friendly Competition (id=4) - All categories
(28, 'Friendly Pre-Benjamín D', 'PRE_BENJAMIN', 4, '4D_PRE'),
(29, 'Friendly Benjamín D', 'BENJAMIN', 4, '4D_BEN'),
(30, 'Friendly Alevín D', 'ALEVIN', 4, '4D_ALE'),
(31, 'Friendly Infantil D', 'INFANTILE', 4, '4D_INF'),
(32, 'Friendly Cadete D', 'CADET', 4, '4D_CAD'),
(33, 'Friendly Juvenil D', 'YOUTH', 4, '4D_YOU'),
(34, 'Friendly Junior D', 'JUNIOR', 4, '4D_JUN'),
(35, 'Friendly Absoluto D', 'ABSOLUTE', 4, '4D_ABS'),
(36, 'Friendly Senior D', 'SENIOR', 4, '4D_SEN');

INSERT INTO team (name, dni_captain_id, id_club_id, category)
VALUES ('PreBen 1', 1, 1, 0),
       ('PreBen 2', 2, 2, 0),
       ('Benj 1', 3, 3, 1),
       ('Benj 2', 4, 4, 1),
       ('Alev 1', 5, 5, 2),
       ('Alev 2', 6, 1, 2),
       ('Inf 1', 7, 2, 3),
       ('Inf 2', 8, 3, 3),
       ('Cad 1', 9, 4, 4),
       ('Cad 2', 10, 5, 4),
       ('Youth 1', 11, 1, 5),
       ('Youth 2', 12, 2, 5),
       ('Jun 1', 13, 3, 6),
       ('Jun 2', 14, 4, 6),
       ('Abs 1', 15, 5, 7),
       ('Abs 2', 16, 1, 7),
       ('Sen 1', 17, 2, 8),
       ('Sen 2', 18, 3, 8),
       ('PreBen 3', 19, 22, 0),
       ('Benj 3',   20, 23, 1),
       ('Alev 3',   1,  24, 2),
       ('Inf 3',    2,  25, 3),
       ('Cad 3',    3,  26, 4),
       ('Sen 3',    4,  27, 8);

INSERT INTO game (id, unique_code, playing, finished, relevance, league_id)
VALUES (1, '1A_PREAAA000', false, false, 1, 1),
       (2, '1A_PREAAA001', false, false, 3, 1),
       (3, '1A_PREAAA002', false, false, 5, 1),
       (4, '2B_BENBBB000', true, false, 2, 2),
       (5, '2B_BENBBB001', true, false, 4, 2),
       (6, '2B_BENBBB002', true, false, 5, 2),
       (7, '1C_ALECCC000', false, true, 1, 3),
       (8, '1C_ALECCC001', false, true, 3, 3),
       (9, '1C_ALECCC002', false, true, 5, 3),
       (10, '2D_INFDDD000', false, false, 2, 4),
       (11, '2D_INFDDD001', true, false, 3, 4),
       (12, '2D_INFDDD002', false, true, 4, 4),
       (13, '1A_SENEEE000', false, false, 1, 5),
       (14, '1A_SENEEE001', true, false, 2, 5),
       (15, '1A_SENEEE002', false, true, 3, 5),
       (16, '1A_PREAAA003', false, false, 2, 1),
       (17, '2B_BENBBB003', true,  false, 3, 2),
       (18, '1C_ALECCC003', false, true,  4, 3),
       (19, '2D_INFDDD003', false, false, 2, 4),
       (20, '1A_SENEEE003', true,  false, 5, 5);

-- Updated for volleyball structure: points_local/points_visit now store total accumulated points
-- sets_won_local/sets_won_visit store sets won by each team (max 3 to win)
-- Only finished games have results
INSERT INTO game_result (unique_code, points_local, points_visit, sets_won_local, sets_won_visit, winner_team_id, time_start, time_end, duration)
VALUES ('2B_BENBBB000', 94, 103, 2, 3, 5, '2025-06-09 13:00:00', '2025-06-09 13:50:00', 50),
       ('2B_BENBBB001', 84, 72, 3, 1, 4, '2025-06-09 14:00:00', '2025-06-09 14:45:00', 45),
       ('2B_BENBBB002', 75, 64, 3, 0, 5, '2025-06-09 15:00:00', '2025-06-09 15:40:00', 40),
       ('1C_ALECCC000', 64, 75, 1, 3, 8, '2025-06-09 16:00:00', '2025-06-09 16:35:00', 35),
       ('1C_ALECCC001', 75, 68, 3, 1, 7, '2025-06-09 17:00:00', '2025-06-09 17:45:00', 45),
       ('1C_ALECCC002', 93, 105, 2, 3, 9, '2025-06-09 18:00:00', '2025-06-09 18:35:00', 35),
       ('2D_INFDDD001', 75, 59, 3, 1, 1, '2025-06-09 19:45:00', '2025-06-09 20:15:00', 30),
       ('2D_INFDDD002', 94, 103, 2, 3, 2, '2025-06-09 20:30:00', '2025-06-09 21:00:00', 30),
       ('1A_SENEEE001', 88, 97, 2, 3, 5, '2025-06-09 22:00:00', '2025-06-09 22:30:00', 30),
       ('1A_SENEEE002', 84, 101, 1, 3, 5, '2025-06-09 22:45:00', '2025-06-09 23:15:00', 30),
       ('1C_ALECCC003', 97, 93, 3, 2, 9, '2025-06-10 18:00:00', '2025-06-10 18:45:00', 45);

-- Game sets data: each game has 3-5 sets with set_number (1-5)
-- Format: (unique_code, set_number, points_local, points_visit, local_alignment, visit_alignment, time_start, time_end)
-- Only finished or playing games have sets data
INSERT INTO game_set (unique_code, set_number, points_local, points_visit, local_alignment, visit_alignment, time_start, time_end)
VALUES 
-- Game 2B_BENBBB000: Visit wins 3-2 (sets: 25-22, 23-25, 20-25, 26-24, 15-17)
('2B_BENBBB000', 1, 25, 22, 'ALIGNMENT_6_0', 'ALIGNMENT_6_0', '2025-06-09 13:00:00', '2025-06-09 13:12:00'),
('2B_BENBBB000', 2, 23, 25, 'ALIGNMENT_6_0', 'ALIGNMENT_6_0', '2025-06-09 13:14:00', '2025-06-09 13:26:00'),
('2B_BENBBB000', 3, 20, 25, 'ALIGNMENT_6_0', 'ALIGNMENT_6_0', '2025-06-09 13:28:00', '2025-06-09 13:38:00'),
('2B_BENBBB000', 4, 26, 24, 'ALIGNMENT_6_0', 'ALIGNMENT_6_0', '2025-06-09 13:40:00', '2025-06-09 13:53:00'),
('2B_BENBBB000', 5, 15, 17, 'ALIGNMENT_6_0', 'ALIGNMENT_6_0', '2025-06-09 13:55:00', '2025-06-09 14:05:00'),

-- Game 2B_BENBBB001: Local wins 3-1 (sets: 25-18, 22-25, 25-21, 25-20)
('2B_BENBBB001', 1, 25, 18, 'ALIGNMENT_6_0', 'ALIGNMENT_6_0', '2025-06-09 14:00:00', '2025-06-09 14:11:00'),
('2B_BENBBB001', 2, 22, 25, 'ALIGNMENT_6_0', 'ALIGNMENT_6_0', '2025-06-09 14:13:00', '2025-06-09 14:24:00'),
('2B_BENBBB001', 3, 25, 21, 'ALIGNMENT_6_0', 'ALIGNMENT_6_0', '2025-06-09 14:26:00', '2025-06-09 14:37:00'),
('2B_BENBBB001', 4, 25, 20, 'ALIGNMENT_6_0', 'ALIGNMENT_6_0', '2025-06-09 14:39:00', '2025-06-09 14:49:00'),

-- Game 2B_BENBBB002: Local wins 3-0 (sets: 25-21, 25-20, 25-23)
('2B_BENBBB002', 1, 25, 21, 'ALIGNMENT_6_0', 'ALIGNMENT_6_0', '2025-06-09 15:00:00', '2025-06-09 15:12:00'),
('2B_BENBBB002', 2, 25, 20, 'ALIGNMENT_6_0', 'ALIGNMENT_6_0', '2025-06-09 15:14:00', '2025-06-09 15:24:00'),
('2B_BENBBB002', 3, 25, 23, 'ALIGNMENT_6_0', 'ALIGNMENT_6_0', '2025-06-09 15:26:00', '2025-06-09 15:38:00'),

-- Game 1C_ALECCC000: Visit wins 3-1 (sets: 21-25, 18-25, 25-20, 20-25)
('1C_ALECCC000', 1, 21, 25, 'ALIGNMENT_6_0', 'ALIGNMENT_6_0', '2025-06-09 16:00:00', '2025-06-09 16:12:00'),
('1C_ALECCC000', 2, 18, 25, 'ALIGNMENT_6_0', 'ALIGNMENT_6_0', '2025-06-09 16:14:00', '2025-06-09 16:24:00'),
('1C_ALECCC000', 3, 25, 20, 'ALIGNMENT_6_0', 'ALIGNMENT_6_0', '2025-06-09 16:26:00', '2025-06-09 16:38:00'),
('1C_ALECCC000', 4, 20, 25, 'ALIGNMENT_6_0', 'ALIGNMENT_6_0', '2025-06-09 16:40:00', '2025-06-09 16:50:00'),

-- Game 1C_ALECCC001: Local wins 3-1 (sets: 25-18, 25-21, 20-25, 25-22)
('1C_ALECCC001', 1, 25, 18, 'ALIGNMENT_6_0', 'ALIGNMENT_6_0', '2025-06-09 17:00:00', '2025-06-09 17:11:00'),
('1C_ALECCC001', 2, 25, 21, 'ALIGNMENT_6_0', 'ALIGNMENT_6_0', '2025-06-09 17:13:00', '2025-06-09 17:24:00'),
('1C_ALECCC001', 3, 20, 25, 'ALIGNMENT_6_0', 'ALIGNMENT_6_0', '2025-06-09 17:26:00', '2025-06-09 17:36:00'),
('1C_ALECCC001', 4, 25, 22, 'ALIGNMENT_6_0', 'ALIGNMENT_6_0', '2025-06-09 17:38:00', '2025-06-09 17:49:00'),

-- Game 1C_ALECCC002: Visit wins 3-2 (sets: 25-22, 23-25, 20-25, 25-23, 18-20)
('1C_ALECCC002', 1, 25, 22, 'ALIGNMENT_6_0', 'ALIGNMENT_6_0', '2025-06-09 18:00:00', '2025-06-09 18:11:00'),
('1C_ALECCC002', 2, 23, 25, 'ALIGNMENT_6_0', 'ALIGNMENT_6_0', '2025-06-09 18:13:00', '2025-06-09 18:24:00'),
('1C_ALECCC002', 3, 20, 25, 'ALIGNMENT_6_0', 'ALIGNMENT_6_0', '2025-06-09 18:26:00', '2025-06-09 18:36:00'),
('1C_ALECCC002', 4, 25, 23, 'ALIGNMENT_6_0', 'ALIGNMENT_6_0', '2025-06-09 18:38:00', '2025-06-09 18:49:00'),
('1C_ALECCC002', 5, 18, 20, 'ALIGNMENT_6_0', 'ALIGNMENT_6_0', '2025-06-09 18:51:00', '2025-06-09 19:01:00'),

-- Game 2D_INFDDD001: Local wins 3-1 (sets: 25-18, 25-16, 20-25, 25-20)
('2D_INFDDD001', 1, 25, 18, 'ALIGNMENT_6_0', 'ALIGNMENT_6_0', '2025-06-09 19:45:00', '2025-06-09 19:55:00'),
('2D_INFDDD001', 2, 25, 16, 'ALIGNMENT_6_0', 'ALIGNMENT_6_0', '2025-06-09 19:57:00', '2025-06-09 20:06:00'),
('2D_INFDDD001', 3, 20, 25, 'ALIGNMENT_6_0', 'ALIGNMENT_6_0', '2025-06-09 20:08:00', '2025-06-09 20:18:00'),
('2D_INFDDD001', 4, 25, 20, 'ALIGNMENT_6_0', 'ALIGNMENT_6_0', '2025-06-09 20:20:00', '2025-06-09 20:30:00'),

-- Game 2D_INFDDD002: Visit wins 3-2 (sets: 25-22, 23-25, 20-25, 26-24, 15-17)
('2D_INFDDD002', 1, 25, 22, 'ALIGNMENT_6_0', 'ALIGNMENT_6_0', '2025-06-09 20:30:00', '2025-06-09 20:40:00'),
('2D_INFDDD002', 2, 23, 25, 'ALIGNMENT_6_0', 'ALIGNMENT_6_0', '2025-06-09 20:42:00', '2025-06-09 20:52:00'),
('2D_INFDDD002', 3, 20, 25, 'ALIGNMENT_6_0', 'ALIGNMENT_6_0', '2025-06-09 20:54:00', '2025-06-09 21:03:00'),
('2D_INFDDD002', 4, 26, 24, 'ALIGNMENT_6_0', 'ALIGNMENT_6_0', '2025-06-09 21:05:00', '2025-06-09 21:16:00'),
('2D_INFDDD002', 5, 15, 17, 'ALIGNMENT_6_0', 'ALIGNMENT_6_0', '2025-06-09 21:18:00', '2025-06-09 21:27:00'),

-- Game 1A_SENEEE001: Visit wins 3-2 (sets: 25-22, 21-25, 17-25, 25-23, 15-17)
('1A_SENEEE001', 1, 25, 22, 'ALIGNMENT_6_0', 'ALIGNMENT_6_0', '2025-06-09 22:00:00', '2025-06-09 22:11:00'),
('1A_SENEEE001', 2, 21, 25, 'ALIGNMENT_6_0', 'ALIGNMENT_6_0', '2025-06-09 22:13:00', '2025-06-09 22:23:00'),
('1A_SENEEE001', 3, 17, 25, 'ALIGNMENT_6_0', 'ALIGNMENT_6_0', '2025-06-09 22:25:00', '2025-06-09 22:34:00'),
('1A_SENEEE001', 4, 25, 23, 'ALIGNMENT_6_0', 'ALIGNMENT_6_0', '2025-06-09 22:36:00', '2025-06-09 22:47:00'),
('1A_SENEEE001', 5, 15, 17, 'ALIGNMENT_6_0', 'ALIGNMENT_6_0', '2025-06-09 22:49:00', '2025-06-09 22:58:00'),

-- Game 1A_SENEEE002: Visit wins 3-1 (sets: 25-22, 23-25, 19-25, 21-25)
('1A_SENEEE002', 1, 25, 22, 'ALIGNMENT_6_0', 'ALIGNMENT_6_0', '2025-06-09 22:45:00', '2025-06-09 22:56:00'),
('1A_SENEEE002', 2, 23, 25, 'ALIGNMENT_6_0', 'ALIGNMENT_6_0', '2025-06-09 22:58:00', '2025-06-09 23:08:00'),
('1A_SENEEE002', 3, 19, 25, 'ALIGNMENT_6_0', 'ALIGNMENT_6_0', '2025-06-09 23:10:00', '2025-06-09 23:19:00'),
('1A_SENEEE002', 4, 21, 25, 'ALIGNMENT_6_0', 'ALIGNMENT_6_0', '2025-06-09 23:21:00', '2025-06-09 23:31:00'),

-- Game 1C_ALECCC003: Local wins 3-2 (sets: 25-18, 23-25, 25-21, 20-25, 17-15)
('1C_ALECCC003', 1, 25, 18, 'ALIGNMENT_6_0', 'ALIGNMENT_6_0', '2025-06-10 18:00:00', '2025-06-10 18:10:00'),
('1C_ALECCC003', 2, 23, 25, 'ALIGNMENT_6_0', 'ALIGNMENT_6_0', '2025-06-10 18:12:00', '2025-06-10 18:23:00'),
('1C_ALECCC003', 3, 25, 21, 'ALIGNMENT_6_0', 'ALIGNMENT_6_0', '2025-06-10 18:25:00', '2025-06-10 18:36:00'),
('1C_ALECCC003', 4, 20, 25, 'ALIGNMENT_6_0', 'ALIGNMENT_6_0', '2025-06-10 18:38:00', '2025-06-10 18:48:00'),
('1C_ALECCC003', 5, 17, 15, 'ALIGNMENT_6_0', 'ALIGNMENT_6_0', '2025-06-10 18:50:00', '2025-06-10 19:00:00');

INSERT INTO game_initial_situation (unique_code, local_team_id, visit_team_id, starting_team_id, left_team_id)
VALUES ('1A_PREAAA000', 1, 2, 1, 1),
       ('1A_PREAAA001', 1, 3, 1, 3),
       ('1A_PREAAA002', 2, 3, 2, 2),
       ('2B_BENBBB000', 4, 5, 4, 4),
       ('2B_BENBBB001', 4, 6, 4, 6),
       ('2B_BENBBB002', 5, 6, 5, 5),
       ('1C_ALECCC000', 7, 8, 7, 7),
       ('1C_ALECCC001', 7, 9, 7, 9),
       ('1C_ALECCC002', 8, 9, 8, 8),
       ('2D_INFDDD000', 1, 9, 1, 1),
       ('2D_INFDDD001', 1, 2, 1, 2),
       ('2D_INFDDD002', 1, 12, 1, 1),
       ('1A_SENEEE000', 3, 4, 3, 3),
       ('1A_SENEEE001', 3, 5, 3, 5),
       ('1A_SENEEE002', 4, 5, 4, 4),
       ('1A_PREAAA003', 2, 1, 2, 2),
       ('2B_BENBBB003', 6, 4, 6, 6),
       ('1C_ALECCC003', 9, 7, 9, 9),
       ('2D_INFDDD003', 12, 1, 12, 12),
       ('1A_SENEEE003', 5, 3, 5, 5);
 

INSERT INTO player (no_shirt, team_id, person_id)
VALUES 
(1, 1, 21), (2, 1, 22), (3, 1, 23), (4, 1, 24), (5, 1, 25), (6, 1, 26), (7, 1, 27), (8, 1, 28),
(1, 2, 29), (2, 2, 30), (3, 2, 31), (4, 2, 32), (5, 2, 33), (6, 2, 34), (7, 2, 35), (8, 2, 36),
(1, 4, 37), (2, 4, 38), (3, 4, 39), (4, 4, 40), (5, 4, 41), (6, 4, 42), (7, 4, 43), (8, 4, 44),
(1, 5, 45), (2, 5, 46), (3, 5, 47), (4, 5, 48), (5, 5, 49), (6, 5, 50), (7, 5, 51), (8, 5, 52),
(1, 7, 53), (2, 7, 54), (3, 7, 55), (4, 7, 56), (5, 7, 57), (6, 7, 58), (7, 7, 59), (8, 7, 60),
(9, 16, 61), (10, 16, 62), (11, 16, 63), (12, 16, 64),
(9, 18, 65), (10, 18, 66), (11, 18, 67), (12, 18, 68);

 
INSERT INTO referee (no_license, lvl_license, city_id, person_id)
VALUES ('R0001','REG',1,1),
        ('R0002','REG',2,2),
        ('R0003','REG',3,3),
        ('R0004','REG',4,4),
        ('R0005','REG',5,5),
        ('R0006','REG',1,6),
        ('R0007','NAC',2,7),
        ('R0008','NAC',3,8),
        ('R0009','NAC',4,9),
        ('R0010','NAC',5,10);

 
INSERT INTO game_details (unique_code, category, division, competition_id, city_id, date)
VALUES ('1A_PREAAA000', 0, NULL, 1, 1, '2025-06-09'),
       ('1A_PREAAA001', 0, NULL, 1, 1, '2025-06-09'),
       ('1A_PREAAA002', 0, NULL, 1, 2, '2025-06-09'),
       ('2B_BENBBB000', 1, NULL, 2, 2, '2025-06-09'),
       ('2B_BENBBB001', 1, NULL, 2, 2, '2025-06-09'),
       ('2B_BENBBB002', 1, NULL, 2, 5, '2025-06-09'),
       ('1C_ALECCC000', 2, NULL, 3, 3, '2025-06-09'),
       ('1C_ALECCC001', 2, NULL, 3, 3, '2025-06-09'),
       ('1C_ALECCC002', 2, NULL, 3, 9, '2025-06-09'),
       ('2D_INFDDD000', 3, NULL, 2, 4, '2025-06-09'),
       ('2D_INFDDD001', 3, NULL, 2, 4, '2025-06-09'),
       ('2D_INFDDD002', 3, NULL, 2, 12, '2025-06-09'),
       ('1A_SENEEE000', 8, NULL, 1, 6, '2025-06-09'),
       ('1A_SENEEE001', 8, NULL, 1, 6, '2025-06-09'),
       ('1A_SENEEE002', 8, NULL, 1, 5, '2025-06-09'),
       ('1A_PREAAA003', 0, NULL, 1, 2, '2025-06-10'),
       ('2B_BENBBB003', 1, NULL, 2, 5, '2025-06-10'),
       ('1C_ALECCC003', 2, NULL, 3, 3, '2025-06-10'),
       ('2D_INFDDD003', 3, NULL, 2, 4, '2025-06-10'),
       ('1A_SENEEE003', 8, NULL, 1, 6, '2025-06-10'); 
INSERT INTO game_referee_team (unique_code, principal_referee_id, secondary_referee_id, scorer_id, line_referee_1_id, line_referee_2_id, line_referee_3_id, line_referee_4_id)
VALUES ('1A_PREAAA000', 1, NULL, 2, NULL, NULL, NULL, NULL),
        ('1A_PREAAA001', 2, NULL, 3, NULL, NULL, NULL, NULL),
        ('1A_PREAAA002', 3,  4,   5, NULL, NULL, NULL, NULL),
        ('2B_BENBBB000', 4, NULL, 5, NULL, NULL, NULL, NULL),
        ('2B_BENBBB001', 5,  6,   7, NULL, NULL, NULL, NULL),
        ('2B_BENBBB002', 6, NULL, 8, NULL, NULL, NULL, NULL),
        ('1C_ALECCC000', 7, NULL, 8, NULL, NULL, NULL, NULL),
        ('1C_ALECCC001', 8,  9,  10, NULL, NULL, NULL, NULL),
        ('1C_ALECCC002', 9, NULL, 10, NULL, NULL, NULL, NULL),
        ('2D_INFDDD000', 1, NULL, 3, NULL, NULL, NULL, NULL),
        ('2D_INFDDD001', 2,  3,   4, NULL, NULL, NULL, NULL),
        ('2D_INFDDD002', 3, NULL, 5, NULL, NULL, NULL, NULL),
        ('1A_SENEEE000', 4, NULL, 6, NULL, NULL, NULL, NULL),
        ('1A_SENEEE001', 5,  6,   7, NULL, NULL, NULL, NULL),
        ('1A_SENEEE002', 6, NULL, 8, NULL, NULL, NULL, NULL),
        ('1A_PREAAA003', 7, NULL, 8, NULL, NULL, NULL, NULL),
        ('2B_BENBBB003', 8,  9,  10, NULL, NULL, NULL, NULL),
        ('1C_ALECCC003', 9, NULL, 10, NULL, NULL, NULL, NULL),
        ('2D_INFDDD003', 1, NULL, 2, NULL, NULL, NULL, NULL),
        ('1A_SENEEE003', 2,  3,   4, NULL, NULL, NULL, NULL);

 